id;title;content;date
1;anti;../fake-data/blob/hipster.txt;2024-10-05T18:11:44
2;long;../fake-data/blob/hipster.txt;2024-10-05T18:49:09
3;yahoo circulate yahoo;../fake-data/blob/hipster.txt;2024-10-05T17:53:25
4;abscond;../fake-data/blob/hipster.txt;2024-10-06T11:02:18
5;er;../fake-data/blob/hipster.txt;2024-10-05T20:02:28
6;below;../fake-data/blob/hipster.txt;2024-10-06T08:23:16
7;er;../fake-data/blob/hipster.txt;2024-10-05T21:13:21
8;substitution;../fake-data/blob/hipster.txt;2024-10-06T03:52:23
9;tensely ouch unaware;../fake-data/blob/hipster.txt;2024-10-06T04:55:24
10;sock any hopelessly;../fake-data/blob/hipster.txt;2024-10-06T07:24:15
